team,titles_won,last_title_year,first_wc_year,host_years,lat,lon
Argentina,3,2022,1930,1978,-34.60,-58.38
Brazil,5,2002,1930,1950;2014,-15.79,-47.88
Germany,4,2014,1934,1974;2006,52.52,13.40
France,2,2018,1930,1938;1998,48.86,2.35
Uruguay,2,1950,1930,1930,-34.90,-56.16
England,1,1966,1950,1966,51.51,-0.13
Spain,1,2010,1934,1982,40.42,-3.70
Netherlands,0,0,1934,,52.37,4.90
Belgium,0,0,1930,,50.85,4.35
Portugal,0,0,1966,,38.72,-9.14
Croatia,0,0,1998,,45.81,15.98
Switzerland,0,0,1934,1954,46.95,7.45
Austria,0,0,1934,,48.21,16.37
Norway,0,0,1938,,59.91,10.75
Sweden,0,0,1934,1958,59.33,18.07
Scotland,0,0,1954,,55.86,-4.25
Czech Republic,0,0,1934,,50.08,14.44
Turkey,0,0,1954,,39.93,32.86
Bosnia and Herzegovina,0,0,2014,,43.86,18.41
Mexico,0,0,1930,1970;1986;2026,19.43,-99.13
United States,0,0,1930,1994;2026,38.90,-77.04
Canada,0,0,1986,2026,45.42,-75.70
Panama,0,0,2018,,8.98,-79.52
Haiti,0,0,1974,,18.54,-72.34
Curaçao,0,0,2026,,12.11,-68.94
Ecuador,0,0,2002,,-0.18,-78.47
Colombia,0,0,1962,,4.71,-74.07
Paraguay,0,0,1930,,-25.26,-57.58
Japan,0,0,1998,2002,35.68,139.69
South Korea,0,0,1954,2002,37.57,126.98
Iran,0,0,1978,,35.69,51.39
Saudi Arabia,0,0,1994,,24.71,46.68
Qatar,0,0,2022,2022,25.29,51.53
Iraq,0,0,1986,,33.32,44.36
Jordan,0,0,2026,,31.95,35.93
Uzbekistan,0,0,2026,,41.30,69.24
Australia,0,0,1974,,-35.28,149.13
New Zealand,0,0,1982,,-41.29,174.78
Morocco,0,0,1970,,34.02,-6.84
Algeria,0,0,1982,,36.75,3.06
Tunisia,0,0,1978,,36.81,10.18
Egypt,0,0,1934,,30.04,31.24
Senegal,0,0,2002,,14.72,-17.47
Ivory Coast,0,0,2006,,5.35,-4.00
Ghana,0,0,2006,,5.60,-0.19
Cape Verde,0,0,2026,,14.93,-23.51
DR Congo,0,0,1974,,-4.32,15.31
South Africa,0,0,1998,,-25.75,28.19
Cameroon,0,0,1982,,3.85,11.50
Denmark,0,0,1986,,55.68,12.57
Poland,0,0,1938,,52.23,21.01
Wales,0,0,1958,,51.48,-3.18
Costa Rica,0,0,1990,,9.93,-84.08
Serbia,0,0,1930,,44.79,20.45
