league_country,strength,season_start_month,season_end_month,rep_city,lat,lon
England,1.00,8,5,London,51.51,-0.13
Spain,0.96,8,5,Madrid,40.42,-3.70
Italy,0.93,8,5,Milan,45.46,9.19
Germany,0.92,8,5,Dortmund,51.51,7.47
France,0.87,8,5,Paris,48.86,2.35
Portugal,0.78,8,5,Lisbon,38.72,-9.14
Netherlands,0.77,8,5,Amsterdam,52.37,4.90
Belgium,0.72,7,5,Brussels,50.85,4.35
Turkey,0.70,8,5,Istanbul,41.01,28.98
Brazil,0.72,3,12,Sao Paulo,-23.55,-46.63
Argentina,0.68,2,12,Buenos Aires,-34.60,-58.38
Saudi Arabia,0.62,8,5,Riyadh,24.71,46.68
Mexico,0.62,7,5,Mexico City,19.43,-99.13
United States,0.60,2,11,Columbus,39.96,-83.00
Russia,0.60,7,5,Moscow,55.76,37.62
Switzerland,0.60,7,5,Bern,46.95,7.45
Scotland,0.58,8,5,Glasgow,55.86,-4.25
Austria,0.58,7,5,Vienna,48.21,16.37
Greece,0.58,8,5,Athens,37.98,23.73
Croatia,0.56,7,5,Zagreb,45.81,15.98
Czech Republic,0.56,7,5,Prague,50.08,14.44
Denmark,0.56,7,5,Copenhagen,55.68,12.57
Japan,0.55,2,12,Tokyo,35.68,139.69
Canada,0.55,2,11,Toronto,43.65,-79.38
Norway,0.54,3,11,Oslo,59.91,10.75
Sweden,0.52,3,11,Stockholm,59.33,18.07
Poland,0.52,7,5,Warsaw,52.23,21.01
South Korea,0.50,2,11,Seoul,37.57,126.98
Qatar,0.50,8,4,Doha,25.29,51.53
Colombia,0.50,1,12,Bogota,4.71,-74.07
Uruguay,0.50,2,12,Montevideo,-34.90,-56.16
Serbia,0.50,7,5,Belgrade,44.79,20.45
United Arab Emirates,0.48,8,5,Dubai,25.20,55.27
Egypt,0.48,9,6,Cairo,30.04,31.24
Iran,0.46,8,5,Tehran,35.69,51.39
Romania,0.46,7,5,Bucharest,44.43,26.10
Chile,0.46,2,12,Santiago,-33.45,-70.67
Ecuador,0.46,2,12,Quito,-0.18,-78.47
Australia,0.46,10,5,Sydney,-33.87,151.21
Morocco,0.46,9,6,Casablanca,33.57,-7.59
Israel,0.46,8,5,Tel Aviv,32.09,34.78
Cyprus,0.44,8,5,Nicosia,35.19,33.38
Hungary,0.44,7,5,Budapest,47.50,19.04
Paraguay,0.44,2,12,Asuncion,-25.26,-57.58
South Africa,0.42,8,5,Johannesburg,-26.20,28.05
Uzbekistan,0.42,3,11,Tashkent,41.30,69.24
China PR,0.42,3,11,Shanghai,31.23,121.47
Slovakia,0.42,7,5,Bratislava,48.15,17.11
Slovenia,0.42,7,5,Ljubljana,46.06,14.51
Tunisia,0.40,9,6,Tunis,36.81,10.18
Algeria,0.40,9,6,Algiers,36.75,3.06
Bulgaria,0.40,7,5,Sofia,42.70,23.32
Venezuela,0.38,1,12,Caracas,10.48,-66.90
Bosnia and Herzegovina,0.38,7,5,Sarajevo,43.86,18.41
Ireland,0.38,2,11,Dublin,53.35,-6.26
Iraq,0.38,9,6,Baghdad,33.32,44.36
Azerbaijan,0.38,8,5,Baku,40.41,49.87
Kuwait,0.36,9,5,Kuwait City,29.38,47.99
Jordan,0.36,8,5,Amman,31.95,35.93
Kazakhstan,0.36,3,11,Almaty,43.24,76.89
Finland,0.36,4,10,Helsinki,60.17,24.94
Costa Rica,0.36,7,5,San Jose,9.93,-84.08
Wales,0.35,8,5,Cardiff,51.48,-3.18
Thailand,0.34,8,5,Bangkok,13.76,100.50
Armenia,0.34,8,5,Yerevan,40.18,44.51
Honduras,0.32,7,5,Tegucigalpa,14.07,-87.19
Panama,0.32,7,5,Panama City,8.98,-79.52
Malaysia,0.32,8,5,Kuala Lumpur,3.14,101.69
New Zealand,0.32,10,5,Auckland,-36.85,174.76
Ghana,0.30,9,6,Accra,5.60,-0.19
Cameroon,0.30,9,6,Yaounde,3.85,11.50
Indonesia,0.30,8,5,Jakarta,-6.21,106.85
Haiti,0.25,2,12,Port-au-Prince,18.54,-72.34
